geo_id,metro_name,state,PC1,PC2,PC3,median_income
47940,"Waterloo-Cedar Falls, IA",Iowa,-3.06435067,-33.05010588,1.577101054,57495
40340,"Rochester, MN",Minnesota,-3.703268576,-34.77447757,2.976159553,73697
45300,"Tampa-St. Petersburg-Clearwater, FL",Florida,-41.0037199,-37.85859541,-5.663229531,55285
40740,"Roswell, NM",New Mexico,-1.575322448,-31.96147782,0.723273407,43359
38900,"Portland-Vancouver-Hillsboro, OR-WA",Oregon,-32.24810843,-39.27028803,1.124625967,74792
28500,"Kerrville, TX",Texas,-1.556324321,-33.66765788,2.453885098,55990
32660,"McMinnville, TN",Tennessee,-1.223301097,-31.72650117,0.669698147,41125
36260,"Ogden, UT",Utah,-8.577783557,-36.0094744,1.946818788,75062
24580,"Green Bay, WI",Wisconsin,-4.985640764,-33.94165535,1.448570588,62405
47340,"Wabash, IN",Indiana,-1.113706095,-31.85361565,1.317798119,54259
27020,"Iron Mountain, MI-WI",Michigan,-1.124465996,-32.03434572,1.328957656,51730
15420,"Burley, ID",Idaho,-1.287510209,-32.2059527,1.165205614,53116
17260,"Clarksdale, MS",Mississippi,-0.971130667,-30.72909309,-0.343400184,29121
13660,"Big Rapids, MI",Michigan,-1.317794217,-32.28270769,0.975093613,45018
16340,"Cedartown, GA",Georgia,-1.255456972,-32.05625699,0.848905668,44891
33500,"Minot, ND",North Dakota,-2.035616661,-34.55774683,2.865939243,68669
28060,"Kalispell, MT",Montana,-2.238074864,-34.55917917,2.973905523,56182
44500,"Stephenville, TX",Texas,-1.437896902,-33.41642357,1.83924027,52742
13460,"Bend, OR",Oregon,-3.50118294,-36.78335667,4.664751667,67043
29380,"Lake City, FL",Florida,-1.653849807,-32.69353599,1.073292433,46494
35620,"New York-Newark-Jersey City, NY-NJ",New Jersey,-255.159466,7.879508119,27.56172573,78773
17660,"Coeur d'Alene, ID",Idaho,-2.931187424,-34.94805931,2.899747632,57242
28180,"Kapaa, HI",Hawaii,-2.265290928,-38.55332056,7.536033226,83554
27740,"Johnson City, TN",Tennessee,-3.400214139,-32.69837934,0.776333284,44439
40620,"Rolla, MO",Missouri,-1.362250297,-32.29378336,1.05826706,44154
44860,"Sulphur Springs, TX",Texas,-1.221050573,-32.45492262,1.406500958,52078
34100,"Morristown, TN",Tennessee,-2.491955629,-32.47512766,0.739418027,45878
13700,"Big Spring, TX",Texas,-1.241321615,-32.33856892,1.310739386,54208
12860,"Batavia, NY",New York,-1.519916951,-32.42382175,1.785470732,60524
13180,"Beaver Dam, WI",Wisconsin,-1.935680482,-33.07572254,2.144065408,60652
31340,"Lynchburg, VA",Virginia,-4.19941423,-33.40473605,1.285417494,53798
31260,"Lufkin, TX",Texas,-1.859658834,-32.52321947,0.930070077,50453
47620,"Warren, PA",Pennsylvania,-1.211193742,-31.59057668,1.113720304,50250
38740,"Poplar Bluff, MO",Missouri,-1.394035307,-31.54833659,0.358764087,38726
22800,"Fort Madison, IA",Iowa,-1.449829792,-31.62330906,0.92070517,50694
23540,"Gainesville, FL",Florida,-5.20871932,-33.95086957,1.018540088,46843
16980,"Chicago-Naperville-Elgin, IL-IN",Illinois,-121.4340221,-30.26974365,-4.143815131,71770
46380,"Ukiah, CA",California,-2.239469628,-35.79738672,4.290566257,51416
15100,"Brookings, SD",South Dakota,-1.312204154,-33.29062216,2.019116237,58136
33220,"Midland, MI",Michigan,-1.882328585,-33.26677502,2.093196524,62625
27900,"Joplin, MO-KS",Kansas,-2.996866709,-32.62603726,0.622990598,49098
20020,"Dothan, AL",Alabama,-2.626048028,-32.43584684,0.640247818,46351
25200,"Hailey, ID",Idaho,-1.401704945,-35.76148768,4.805501429,54987
27260,"Jacksonville, FL",Florida,-20.25119926,-36.57050298,-0.889607574,61723
25060,"Gulfport-Biloxi, MS",Mississippi,-6.161375288,-33.74677021,0.285346209,49068
29700,"Laredo, TX",Texas,-3.997714701,-32.95624145,0.132381812,46475
12420,"Austin-Round Rock-San Marcos, TX",Texas,-28.0546264,-39.48156876,-0.160194015,76844
14460,"Boston-Cambridge-Newton, MA-NH",Massachusetts,-63.60011521,-33.76686325,8.097442929,90333
34260,"Mountain Home, AR",Arkansas,-1.255159037,-32.18833142,1.262703882,42260
25780,"Henderson, NC",North Carolina,-1.291215599,-31.71189095,0.570481618,40529
37800,"Pella, IA",Iowa,-1.213370198,-32.70016223,2.021359959,61038
43660,"Snyder, TX",Texas,-0.939892006,-31.93713717,1.169193083,54326
26780,"Hutchinson, MN",Minnesota,-1.282597887,-33.22040382,2.396573158,62121
40260,"Roanoke Rapids, NC",North Carolina,-1.675501518,-31.60500684,0.200884879,36128
40140,"Riverside-San Bernardino-Ontario, CA",California,-55.58512902,-41.71784029,-6.475234955,65121
40220,"Roanoke, VA",Virginia,-4.865963357,-33.63821873,1.715274285,56596
20140,"Dublin, GA",Georgia,-1.486297916,-31.39321421,0.064315724,39066
17900,"Columbia, SC",South Carolina,-11.55895729,-34.90823502,-0.516077508,55971
21540,"Escanaba, MI",Michigan,-1.177894526,-31.73342359,1.087143492,47434
20580,"Eagle Pass, TX",Texas,-1.360275585,-31.61215293,0.146244007,39625
17380,"Cleveland, MS",Mississippi,-1.099092355,-31.17341025,0.024499297,29854
37940,"Peru, IN",Indiana,-1.134696506,-31.60246144,0.986607229,50657
47420,"Wahpeton, ND-MN",Minnesota,-1.098944385,-32.59646439,1.756501678,61136
19430,"Dayton-Kettering-Beavercreek, OH",Ohio,-11.29392861,-33.28295923,0.171140263,55634
41740,"San Diego-Chula Vista-Carlsbad, CA",California,-43.21722352,-43.5101354,3.889283961,78980
34780,"Muskogee, OK",Oklahoma,-1.719945492,-32.12069863,0.346425844,43078
43320,"Show Low, AZ",Arizona,-2.482501608,-33.11509147,-0.73495094,40067
36740,"Orlando-Kissimmee-Sanford, FL",Florida,-33.15613012,-37.51491895,-3.155229592,58368
12380,"Austin, MN",Minnesota,-1.299678029,-32.28378882,1.606855046,54295
13820,"Birmingham, AL",Alabama,-14.57786254,-34.57380375,-0.947254707,57447
21860,"Fairmont, MN",Minnesota,-1.004693507,-31.88595562,1.490084407,52798
27340,"Jacksonville, NC",North Carolina,-3.577424366,-34.73964321,1.338606864,50278
15180,"Brownsville-Harlingen, TX",Texas,-5.675393259,-32.32187687,-1.074954427,38758
34980,"Nashville-Davidson--Murfreesboro--Franklin, TN",Tennessee,-24.65812086,-37.34101166,-1.121798003,66347
32780,"Medford, OR",Oregon,-3.783407284,-34.99263652,2.787754281,53412
11500,"Anniston-Oxford, AL",Alabama,-2.213127699,-32.19641221,0.727725748,47255
24740,"Greenville, MS",Mississippi,-1.308614662,-31.16988898,-0.086221576,29705
10700,"Albertville, AL",Alabama,-1.893639257,-32.12902075,0.721266592,45983
17220,"Clarksburg, WV",West Virginia,-1.908463052,-32.22750141,1.19757321,51552
34940,"Naples-Marco Island, FL",Florida,-6.162484633,-37.63608563,5.041907094,69653
28020,"Kalamazoo-Portage, MI",Michigan,-4.258962199,-33.44268439,1.598001931,56511
32820,"Memphis, TN-MS-AR",Arkansas,-17.95464728,-34.0522963,-1.72344352,53209
33700,"Modesto, CA",California,-7.497682649,-35.85951204,2.374267015,60704
30060,"Lebanon, MO",Missouri,-1.122012424,-31.73169099,0.801253072,47257
34460,"Mount Sterling, KY",Kentucky,-1.260000275,-31.74549426,0.633222677,44688
30460,"Lexington-Fayette, KY",Kentucky,-7.530102955,-34.27704009,1.350222127,58685
12140,"Auburn, IN",Indiana,-1.292061718,-32.45766555,1.552297451,56421
19220,"Danville, KY",Kentucky,-1.401837654,-32.05659919,0.955314857,44779
49020,"Winchester, VA-WV",Virginia,-2.66666167,-34.7462849,3.210078395,67072
42340,"Savannah, GA",Georgia,-5.944720779,-34.77707543,1.924675104,59459
49180,"Winston-Salem, NC",North Carolina,-9.364351643,-33.7715309,-0.445483762,50774
27420,"Jamestown, ND",North Dakota,-1.094451225,-32.67785609,1.94484196,57674
36837,"Ottawa, IL",Illinois,-2.676332996,-32.57174304,1.413717249,58160
32540,"McAlester, OK",Oklahoma,-1.330667707,-32.13166224,0.90516315,46784
49080,"Winnemucca, NV",Nevada,-1.131566166,-33.86779517,2.643030054,67756
42460,"Scottsboro, AL",Alabama,-1.312630192,-31.48236029,0.421709494,41769
43420,"Sierra Vista-Douglas, AZ",Arizona,-2.471765962,-33.0196074,1.184756646,49260
44900,"Summerville, GA",Georgia,-0.927178762,-30.98544028,0.045541768,36807
48460,"West Plains, MO",Missouri,-1.175720349,-31.49202804,0.434118761,38357
21220,"Elko, NV",Nevada,-1.684173705,-34.72705961,3.0915486,80725
38940,"Port St. Lucie, FL",Florida,-6.87885947,-35.13522853,2.009915829,55153
16100,"Carlsbad-Artesia, NM",New Mexico,-1.616996867,-33.56958869,2.199072114,65328
29980,"Lawrenceburg, TN",Tennessee,-1.206913515,-31.71159883,0.684520078,43614
15020,"Brookhaven, MS",Mississippi,-1.135895931,-31.8108304,0.676576075,42606
39780,"Red Bluff, CA",California,-1.711395758,-33.50545411,2.045164746,44514
23580,"Gainesville, GA",Georgia,-3.290796717,-34.43225707,2.290669449,62984
34900,"Napa, CA",California,-3.319138707,-40.65104151,9.12533396,88596
40060,"Richmond, VA",Virginia,-17.11136621,-36.11225364,1.188394078,68529
47780,"Washington, IN",Indiana,-1.13206753,-32.11785988,1.22062853,53629
44020,"Spirit Lake, IA",Iowa,-1.136809336,-33.74716191,2.973872252,59969
48020,"Watertown-Fort Atkinson, WI",Wisconsin,-1.94857421,-33.71365303,2.695536183,66291
14020,"Bloomington, IN",Indiana,-3.142522523,-33.68656557,1.728705422,49798
20500,"Durham-Chapel Hill, NC",North Carolina,-9.23367824,-35.35247181,1.915479823,62289
14720,"Breckenridge, CO",Colorado,-1.804036355,-38.86758071,7.818468779,79277
31940,"Marinette, WI-MI",Michigan,-1.599044623,-32.0427841,1.068398511,48933
26540,"Huntington, IN",Indiana,-1.180798233,-31.92160998,1.361729408,53632
31980,"Marion, IN",Indiana,-1.562969642,-31.56810857,0.747381995,44356
32940,"Meridian, MS",Mississippi,-2.043912421,-31.88426851,0.326443545,41107
28420,"Kennewick-Richland, WA",Washington,-4.475848684,-35.10270357,2.213758816,67310
44300,"State College, PA",Pennsylvania,-3.103401838,-34.64066859,3.062470797,60403
34180,"Moses Lake, WA",Washington,-2.029011832,-33.39123483,1.357422877,55556
24460,"Great Bend, KS",Kansas,-1.049839544,-31.50446574,0.930759982,49723
37140,"Paducah, KY-IL",Illinois,-2.002408379,-32.32738447,0.972374784,46584
41940,"San Jose-Sunnyvale-Santa Clara, CA",California,-27.22088486,-45.9148693,16.10224506,122478
13260,"Bedford, IN",Indiana,-1.294796839,-32.14407786,1.264515656,53610
18820,"Crawfordsville, IN",Indiana,-1.2124174,-32.11807196,1.472551026,55522
42900,"Seneca Falls, NY",New York,-1.208817283,-32.23992405,1.574407326,54545
16820,"Charlottesville, VA",Virginia,-3.914947426,-36.24193157,4.419149539,72697
13060,"Bay City, TX",Texas,-1.249506506,-32.36465549,1.234560544,48913
14300,"Bonham, TX",Texas,-1.209369216,-32.54119409,1.501655676,54648
42140,"Santa Fe, NM",New Mexico,-3.02534304,-35.62028219,3.753974812,61200
39340,"Provo-Orem-Lehi, UT",Utah,-8.054788263,-36.48815139,2.555457645,74387
20420,"Durango, CO",Colorado,-1.914599684,-36.73292381,5.151787562,68685
35020,"Natchez, MS-LA",Louisiana,-1.342471989,-31.14876646,-0.064098295,30239
45620,"Thomasville, GA",Georgia,-1.410894574,-32.80548189,1.402157518,43740
14100,"Bloomsburg-Berwick, PA",Pennsylvania,-1.881101338,-32.65697136,1.664502303,51745
40980,"Saginaw, MI",Michigan,-3.224841225,-32.26273804,0.789654065,48000
35460,"Newport, TN",Tennessee,-1.128527231,-31.48789367,0.442142524,36716
36820,"Oskaloosa, IA",Iowa,-1.014673504,-31.79164885,1.290266171,54825
22260,"Fergus Falls, MN",Minnesota,-1.60290996,-33.16023827,2.191543923,58682
21060,"Elizabethtown, KY",Kentucky,-2.752055816,-33.22979793,1.398395484,54132
22620,"Forrest City, AR",Arkansas,-0.988601891,-31.03747739,-0.069675216,35348
47380,"Waco, TX",Texas,-4.237833795,-33.13773758,0.795690908,49077
11860,"Atchison, KS",Kansas,-0.913700507,-31.57030192,1.086503496,50439
19340,"Davenport-Moline-Rock Island, IA-IL",Illinois,-5.653061597,-33.10615107,1.028372758,58531
40380,"Rochester, NY",New York,-14.60356071,-34.0630823,0.215121453,60102
33100,"Miami-Fort Lauderdale-West Palm Beach, FL",Florida,-79.39467109,-35.81749211,-6.268765126,56775
27060,"Ithaca, NY",New York,-2.454268225,-34.83555487,3.350293752,60240
49300,"Wooster, OH",Ohio,-2.228022182,-32.77202089,1.538400963,58300
27620,"Jefferson City, MO",Missouri,-2.676883029,-32.76965711,1.405326035,59186
23660,"Galesburg, IL",Illinois,-1.345841934,-31.31776351,0.646196052,44129
33980,"Morehead City, NC",North Carolina,-1.859712468,-34.03285777,2.689636479,57194
20060,"Douglas, GA",Georgia,-1.296265091,-31.37066085,0.003830604,40423
32460,"Mayfield, KY",Kentucky,-1.161848712,-31.71485136,0.640523057,44043
22500,"Florence, SC",South Carolina,-3.356335597,-32.40642223,0.235902383,44114
12300,"Augusta-Waterville, ME",Maine,-2.440967039,-33.09034298,1.811490543,55365
15980,"Cape Coral-Fort Myers, FL",Florida,-10.41593376,-35.70369584,1.461913027,57832
35380,"New Orleans-Metairie, LA",Louisiana,-17.19541358,-34.28931632,-0.087533113,53084
28380,"Kennett, MO",Missouri,-1.047051324,-30.92677496,0.001637393,36380
21980,"Fallon, NV",Nevada,-1.155473196,-33.41872439,2.358498905,57824
24940,"Greenwood, SC",South Carolina,-1.672742148,-32.12590336,0.905125113,42336
48900,"Wilmington, NC",North Carolina,-4.758491161,-34.99123869,2.44430011,55265
37500,"Paragould, AR",Arkansas,-1.263042587,-32.03702073,0.858710906,47056
20100,"Dover, DE",Delaware,-3.186241136,-34.81629466,2.673367,60910
36420,"Oklahoma City, OK",Oklahoma,-18.92127554,-37.09721015,-3.150816139,59084
33940,"Montrose, CO",Colorado,-1.49401385,-34.06260833,2.813895056,51647
34340,"Mount Airy, NC",North Carolina,-1.644626707,-31.99008142,0.701653147,43597
18260,"Cookeville, TN",Tennessee,-2.177692031,-32.48670585,0.873021071,41913
10180,"Abilene, TX",Texas,-2.97108816,-32.98710631,1.099609057,52511
23140,"Frankfort, IN",Indiana,-1.115931399,-31.93825715,1.348382575,54286
49260,"Woodward, OK",Oklahoma,-1.100750763,-32.60273691,1.609925079,59001
18900,"Crossville, TN",Tennessee,-1.499161685,-32.53986856,1.350627584,45958
36500,"Olympia-Lacey-Tumwater, WA",Washington,-4.676454623,-36.56307202,3.927384944,72003
48260,"Weirton-Steubenville, WV-OH",Ohio,-2.221093095,-31.55757697,0.709109154,47314
49340,"Worcester, MA",Massachusetts,-12.90160752,-35.07198589,3.100985078,73408
38180,"Pierre, SD",South Dakota,-1.116502658,-33.16985715,2.296984073,65712
35440,"Newport, OR",Oregon,-1.572571318,-33.89959419,2.852552625,47882
19820,"Detroit-Warren-Dearborn, MI",Michigan,-55.25525121,-35.753779,-6.559197555,60984
16380,"Celina, OH",Ohio,-1.261342083,-32.55083805,1.87602509,62952
43020,"Shawano, WI",Wisconsin,-1.368477293,-32.31514795,1.268124741,55152
34660,"Murray, KY",Kentucky,-1.280529798,-32.21019666,0.929057506,42273
14700,"Branson, MO",Missouri,-1.499883514,-32.63188963,1.344950874,46031
41820,"Sanford, NC",North Carolina,-1.529339741,-32.63804221,1.373456004,49994
34700,"Muscatine, IA",Iowa,-1.323989067,-32.64741203,1.85361701,58453
38240,"Pinehurst-Southern Pines, NC",North Carolina,-2.158025269,-34.14562617,2.577534963,59963
41100,"St. George, UT",Utah,-2.995877393,-35.2884285,3.113482111,59839
17860,"Columbia, MO",Missouri,-3.628269726,-33.7956892,1.723677698,54808
31180,"Lubbock, TX",Texas,-5.010675139,-33.72628651,0.804022435,51942
33780,"Monroe, MI",Michigan,-2.686069001,-33.51708364,2.061278697,62203
38340,"Pittsfield, MA",Massachusetts,-2.641993736,-33.70735525,3.060497375,59230
11100,"Amarillo, TX",Texas,-4.186458456,-33.34366474,1.073320687,55515
33540,"Missoula, MT",Montana,-2.554449331,-34.61442881,2.998303431,54062
40460,"Rockingham, NC",North Carolina,-1.292448805,-31.5339247,0.186533715,36148
28700,"Kingsport-Bristol, TN-VA",Tennessee,-4.61090047,-32.53522135,0.158066142,44869
16740,"Charlotte-Concord-Gastonia, NC-SC",North Carolina,-33.17285803,-37.74317315,-4.051067412,63217
45940,"Trenton-Princeton, NJ",New Jersey,-5.857541678,-35.97282103,5.08003934,81057
18020,"Columbus, IN",Indiana,-1.878871321,-33.50234873,2.361156461,63431
21660,"Eugene-Springfield, OR",Oregon,-5.896766293,-34.96258276,2.274048475,52426
11900,"Athens, OH",Ohio,-1.679084163,-32.37024539,0.857166148,40905
12060,"Atlanta-Sandy Springs-Roswell, GA",Georgia,-74.59978298,-38.01267186,-8.069586967,68316
39220,"Price, UT",Utah,-1.004432293,-32.18704823,1.308017009,51158
38500,"Plymouth, IN",Indiana,-1.339224632,-32.49394921,1.517012606,52658
23700,"Gallup, NM",New Mexico,-1.96855862,-32.19288711,-1.628312199,33834
29340,"Lake Charles, LA",Louisiana,-3.486449998,-33.44059588,1.032655082,51196
49660,"Youngstown-Warren, OH",Ohio,-7.677509354,-32.20196668,-0.201356678,47360
44740,"Storm Lake, IA",Iowa,-1.007658836,-32.04275564,1.424192435,57125
16580,"Champaign-Urbana, IL",Illinois,-3.972053207,-33.52523213,1.669945808,53641
25860,"Hickory-Lenoir-Morganton, NC",North Carolina,-5.382273953,-32.87855065,-0.146253872,48114
40660,"Rome, GA",Georgia,-1.97647789,-32.38991614,1.136741799,48336
25180,"Hagerstown-Martinsburg, MD-WV",Maryland,-4.47580371,-34.16397011,2.103479991,61138
26140,"Homosassa Springs, FL",Florida,-2.624405137,-32.96136127,1.157896544,44237
22300,"Findlay, OH",Ohio,-1.783808884,-32.90519172,1.882480997,58450
35060,"Natchitoches, LA",Louisiana,-1.296177418,-32.04505445,0.412596548,28567
48940,"Wilmington, OH",Ohio,-1.299356914,-32.45511229,1.523765474,52815
14380,"Boone, NC",North Carolina,-1.709813131,-34.04049969,2.389720907,47526
26420,"Houston-Pasadena-The Woodlands, TX",Texas,-87.3810118,-44.58565756,-15.90481214,67516
27540,"Jasper, IN",Indiana,-1.433094983,-32.52351905,1.560486233,57849
21260,"Ellensburg, WA",Washington,-1.644600599,-34.98026877,3.516480788,56004
11980,"Athens, TX",Texas,-1.813818621,-32.53335925,0.882510816,47355
40700,"Roseburg, OR",Oregon,-2.250815084,-33.22439898,1.779569304,47267
25620,"Hattiesburg, MS",Mississippi,-2.910628131,-32.88448059,0.762520624,46800
27600,"Jefferson, GA",Georgia,-1.652476185,-33.71844065,2.255204878,65385
16540,"Chambersburg, PA",Pennsylvania,-2.780671931,-33.68367689,2.303615661,63379
19540,"Decatur, IN",Indiana,-1.125888,-31.85495524,1.077183468,52504
21380,"Emporia, KS",Kansas,-1.230606616,-31.95632495,0.912956208,46217
20820,"Effingham, IL",Illinois,-1.204526435,-32.47650977,1.609087278,56685
10220,"Ada, OK",Oklahoma,-1.292595432,-32.37719207,1.142034541,50392
48820,"Willmar, MN",Minnesota,-1.385722602,-33.23817344,2.2709116,60294
32380,"Mason City, IA",Iowa,-1.439133352,-32.2214301,1.659658303,54388
30420,"Lexington, NE",Nebraska,-1.075360468,-32.10477753,1.317461697,54716
36830,"Othello, WA",Washington,-1.028801768,-32.4977673,1.344048611,48294
25820,"Hereford, TX",Texas,-0.926990996,-31.71141643,0.952125038,49701
15460,"Burlington, IA-IL",Illinois,-1.36671815,-32.14732444,1.39202818,51667
19500,"Decatur, IL",Illinois,-2.115028304,-32.00149686,0.983097603,50480
37460,"Panama City-Panama City Beach, FL",Florida,-3.398935812,-34.24935063,2.032256801,54316
11540,"Appleton, WI",Wisconsin,-3.814932806,-33.91469868,2.039225393,67616
49700,"Yuba City, CA",California,-3.12965502,-34.81753388,2.867954423,58551
18620,"Corsicana, TX",Texas,-1.385629855,-32.27419291,0.987916557,48529
15780,"Camden, AR",Arkansas,-0.999874072,-30.8526713,0.054893402,37220
36700,"Orangeburg, SC",South Carolina,-1.868606483,-31.67843606,0.069851093,37955
45060,"Syracuse, NY",New York,-9.229805296,-33.47544794,0.867238025,60337
45460,"Terre Haute, IN",Indiana,-3.126284655,-32.1584338,0.515715904,48591
30700,"Lincoln, NE",Nebraska,-5.250145027,-34.055506,1.791019459,61031
29820,"Las Vegas-Henderson-North Las Vegas, NV",Nevada,-29.11276027,-37.35009715,-1.399659637,59340
37900,"Peoria, IL",Illinois,-5.902699047,-33.07637148,0.951074905,59397
43260,"Sheridan, WY",Wyoming,-1.323704226,-34.24981857,3.397363331,60807
16940,"Cheyenne, WY",Wyoming,-2.224559315,-34.66059039,3.115497969,66910
30380,"Lewistown, PA",Pennsylvania,-1.289639079,-31.74806069,1.181987777,50219
46860,"Vernal, UT",Utah,-1.320552754,-33.70724421,2.229731109,65264
22380,"Flagstaff, AZ",Arizona,-3.216568853,-36.08927712,2.368592154,59460
29260,"La Grande, OR",Oregon,-1.175761611,-33.03457487,2.172291554,52171
42780,"Selinsgrove, PA",Pennsylvania,-1.290384192,-32.71531009,1.951449866,58997
19700,"Deming, NM",New Mexico,-0.952765517,-31.01979981,-0.135444002,29360
24330,"Grand Rapids, MN",Minnesota,-1.403183347,-32.95935723,1.92049372,55139
46100,"Tullahoma-Manchester, TN",Tennessee,-2.077010852,-32.65854417,1.244150659,51361
17780,"College Station-Bryan, TX",Texas,-4.356771689,-34.27095291,1.29160275,50240
16180,"Carson City, NV",Nevada,-1.679624948,-34.42211196,3.291288177,55718
24660,"Greensboro-High Point, NC",North Carolina,-10.79667552,-33.88032302,-0.483709891,50891
45780,"Toledo, OH",Ohio,-9.239819484,-32.9643361,-0.037458825,52601
28140,"Kansas City, MO-KS",Kansas,-27.5585715,-36.34282267,-1.920274783,66632
25300,"Hannibal, MO",Missouri,-1.222095997,-32.01619484,1.17642869,50960
21900,"Fairmont, WV",West Virginia,-1.468315096,-32.03457925,1.232955301,50305
22340,"Fitzgerald, GA",Georgia,-0.859146683,-31.02138304,0.038380128,32229
14220,"Bogalusa, LA",Louisiana,-1.273277857,-31.53606288,0.364790273,37570
23980,"Glasgow, KY",Kentucky,-1.354017553,-31.69430333,0.556870618,40899
14740,"Bremerton-Silverdale-Port Orchard, WA",Washington,-4.544797155,-37.00604376,4.779570735,75411
46660,"Valdosta, GA",Georgia,-2.680182184,-32.65169436,0.487659945,41647
46700,"Vallejo, CA",California,-6.838039569,-38.3042943,6.061246072,81472
21420,"Enid, OK",Oklahoma,-1.59186382,-32.61615449,1.411535653,54006
20980,"El Dorado, AR",Arkansas,-1.20608764,-31.77981653,0.66699471,44663
41700,"San Antonio-New Braunfels, TX",Texas,-31.34805398,-37.93646997,-4.615876335,60327
29180,"Lafayette, LA",Louisiana,-7.035823521,-34.1178156,-0.432502011,51955
32700,"McPherson, KS",Kansas,-1.164237093,-32.73178125,2.03561752,59089
24620,"Greeneville, TN",Tennessee,-1.573276469,-31.93379264,0.710247818,42595
11060,"Altus, OK",Oklahoma,-1.070198691,-32.01233303,1.059563199,49703
19180,"Danville, IL",Illinois,-1.670393637,-31.37876463,0.629468537,46515
11820,"Astoria, OR",Oregon,-1.454295966,-34.26125312,3.471491922,54886
18880,"Crestview-Fort Walton Beach-Destin, FL",Florida,-4.620330027,-35.45572059,2.655586645,62161
47980,"Watertown, SD",South Dakota,-1.261608577,-33.04419682,2.021596982,58503
21020,"Elizabeth City, NC",North Carolina,-1.503888,-33.1345392,1.872621622,49788
18580,"Corpus Christi, TX",Texas,-6.246018833,-33.96389621,0.8150599,56013
47660,"Warrensburg, MO",Missouri,-1.507982467,-33.10386431,1.701658563,55273
11740,"Ashland, OH",Ohio,-1.40565371,-32.10728497,1.356633954,52823
47540,"Wapakoneta, OH",Ohio,-1.337104567,-32.69102772,1.999153107,64074
37620,"Parkersburg-Vienna, WV",West Virginia,-1.91971827,-32.22038644,1.090198142,47218
40860,"Rutland, VT",Vermont,-1.630918557,-33.33564594,2.481680111,56139
14010,"Bloomington, IL",Illinois,-3.150776217,-33.83568169,2.26083611,67675
26860,"Indiana, PA",Pennsylvania,-1.87888243,-32.30347921,1.097135904,49320
10460,"Alamogordo, NM",New Mexico,-1.665576048,-32.46862497,0.684940288,41988
31140,"Louisville/Jefferson County, KY-IN",Indiana,-16.74415823,-34.47819573,-0.612481942,59158
29540,"Lancaster, PA",Pennsylvania,-7.615962384,-34.8339799,2.071294838,66056
44460,"Steamboat Springs, CO",Colorado,-1.646919167,-38.15861856,7.003673411,77443
39020,"Portsmouth, OH",Ohio,-1.6436513,-31.52068024,0.439180985,41330
42300,"Sault Ste. Marie, MI",Michigan,-1.285600981,-32.08950067,0.869531661,46486
34620,"Muncie, IN",Indiana,-2.278551291,-31.87311386,0.638637035,43512
49740,"Yuma, AZ",Arizona,-3.479399864,-33.38265757,0.106164264,45243
10420,"Akron, OH",Ohio,-9.873336934,-33.48403425,0.684477885,57285
11380,"Andrews, TX",Texas,-1.119065205,-33.73467969,2.595943739,76158
43700,"Somerset, KY",Kentucky,-1.539621541,-31.98851328,0.586958364,39998
10820,"Alexandria, MN",Minnesota,-1.395154147,-33.88609514,2.906292664,63819
36460,"Olean, NY",New York,-1.728246463,-31.70551652,0.711445843,48703
49100,"Winona, MN",Minnesota,-1.509083862,-32.96808483,1.995643663,59329
15500,"Burlington, NC",North Carolina,-2.934057146,-33.09345076,1.262244055,49688
42980,"Seymour, IN",Indiana,-1.302476766,-32.36198997,1.352419858,51250
48220,"Weatherford, OK",Oklahoma,-1.176955908,-32.42423785,1.212990379,49900
34740,"Muskegon-Norton Shores, MI",Michigan,-2.908685479,-32.43960405,0.876617987,50854
39980,"Richmond, IN",Indiana,-1.580563026,-31.65993891,0.893531367,46516
13900,"Bismarck, ND",North Dakota,-2.697359035,-35.09451411,3.1508621,71398
13340,"Bellefontaine, OH",Ohio,-1.343834183,-32.41837879,1.617340251,56754
10300,"Adrian, MI",Michigan,-1.99919762,-32.61527202,1.578807411,55450
45820,"Topeka, KS",Kansas,-3.762113779,-33.04414812,1.29840917,57603
21780,"Evansville, IN",Indiana,-4.834666747,-33.04361843,0.964628491,54063
30780,"Little Rock-North Little Rock-Conway, AR",Arkansas,-10.31060592,-34.37623616,-0.428232363,54746
43180,"Shelbyville, TN",Tennessee,-1.376089055,-32.71400234,1.47648848,50415
31620,"Magnolia, AR",Arkansas,-0.98892542,-31.23405379,0.19089456,36193
13740,"Billings, MT",Montana,-3.309176698,-34.64464248,2.41849558,61278
13140,"Beaumont-Port Arthur, TX",Texas,-5.745796056,-33.26982862,0.314681082,54016
39700,"Raymondville, TX",Texas,-0.872763316,-30.82074979,-0.277676316,35521
25900,"Hilo-Kailua, HI",Hawaii,-3.721063214,-36.11797035,4.45359407,62409
26300,"Hot Springs, AR",Arkansas,-2.093818463,-32.61519184,1.202996266,44777
21500,"Erie, PA",Pennsylvania,-4.309071489,-32.47428074,1.004183722,51529
15820,"Campbellsville, KY",Kentucky,-1.173577532,-31.64895894,0.598609672,41514
30260,"Lewisburg, PA",Pennsylvania,-1.397712604,-33.12951719,2.223152142,59399
19100,"Dallas-Fort Worth-Arlington, TX",Texas,-92.52762421,-43.61146927,-14.17825521,70281
21700,"Eureka-Arcata, CA",California,-2.873204237,-35.00814062,3.093156641,48041
49620,"York-Hanover, PA",Pennsylvania,-6.409109291,-34.33412009,1.910742189,66457
30020,"Lawton, OK",Oklahoma,-2.535709559,-33.03425056,1.081794035,52076
17020,"Chico, CA",California,-3.94888033,-35.05459923,2.671076485,52537
35140,"Newberry, SC",South Carolina,-1.257961538,-32.25518305,1.030178809,44226
31700,"Manchester-Nashua, NH",New Hampshire,-6.295753019,-36.13446909,4.356060804,81460
40820,"Ruston, LA",Louisiana,-1.442586946,-32.4634358,0.806695688,35467
32620,"McComb, MS",Mississippi,-1.216426743,-31.47835481,0.111052329,31784
46620,"Uvalde, TX",Texas,-1.008583516,-31.46221742,0.373466608,41679
23380,"Fremont, OH",Ohio,-1.463502945,-31.98517349,1.347860552,54089
36540,"Omaha, NE-IA",Iowa,-12.58232801,-35.30983911,0.529991785,67885
22900,"Fort Smith, AR-OK",Arkansas,-4.008562652,-32.57883245,-0.096009838,44750
27700,"Jesup, GA",Georgia,-1.02512878,-31.53494436,0.610965314,45483
23300,"Freeport, IL",Illinois,-1.319959018,-31.6768088,1.074333564,48805
24300,"Grand Junction, CO",Colorado,-2.853365063,-34.51083042,2.548792345,55379
46180,"Tupelo, MS",Mississippi,-2.764727752,-32.35420272,0.418198473,46258
21340,"El Paso, TX",Texas,-11.14988869,-34.13518079,-1.372514644,46795
11460,"Ann Arbor, MI",Michigan,-5.847990501,-35.6698726,3.902797646,72586
44420,"Staunton-Stuarts Draft, VA",Virginia,-2.400626581,-33.62062673,2.36574097,57140
32280,"Martin, TN",Tennessee,-1.132830151,-31.57034228,0.539507316,39937
41460,"Salina, KS",Kansas,-1.566845851,-32.44951652,1.533506299,52383
37420,"Pampa, TX",Texas,-1.019729903,-31.66726122,0.87606673,49327
32740,"Meadville, PA",Pennsylvania,-1.823344272,-31.88421035,0.998058322,50304
12620,"Bangor, ME",Maine,-2.810719629,-33.02332372,1.380116031,50808
23180,"Frankfort, KY",Kentucky,-1.718832272,-32.75966665,1.759250715,56024
39580,"Raleigh-Cary, NC",North Carolina,-17.82188732,-37.41682859,0.856650247,75851
36220,"Odessa, TX",Texas,-2.903553743,-34.10486066,1.619094195,62973
12460,"Bainbridge, GA",Georgia,-1.054581349,-31.71848744,0.627565569,41481
44780,"Sturgis, MI",Michigan,-1.518032577,-32.24808339,1.280926852,52086
19140,"Dalton, GA",Georgia,-2.462142793,-32.3960945,0.579682501,48481
36980,"Owensboro, KY",Kentucky,-2.261010946,-32.56428554,1.190265595,52046
13980,"Blacksburg-Christiansburg-Radford, VA",Virginia,-3.072286884,-33.59207176,1.841096769,55065
31740,"Manhattan, KS",Kansas,-2.756019445,-34.13167086,1.966681697,54141
14180,"Blytheville, AR",Arkansas,-1.223014106,-31.2427229,0.256243285,39962
35220,"New Castle, IN",Indiana,-1.310327885,-31.74371898,1.091960692,49832
35100,"New Bern, NC",North Carolina,-2.507858653,-33.51743171,1.518277927,51017
49220,"Wisconsin Rapids-Marshfield, WI",Wisconsin,-1.72809907,-32.57417341,1.632807907,54913
28340,"Kendallville, IN",Indiana,-1.323741662,-32.37086242,1.450023684,56789
27780,"Johnstown, PA",Pennsylvania,-2.407642732,-31.38376034,0.664136567,46659
11220,"Amsterdam, NY",New York,-1.416983061,-31.93203723,1.375598496,49462
28740,"Kingston, NY",New York,-3.322523681,-34.75546209,3.481726579,64304
19780,"Des Moines-West Des Moines, IA",Iowa,-9.498180277,-35.15223484,1.24812959,70126
10940,"Alma, MI",Michigan,-1.227598777,-31.75955209,0.889739069,47848
17820,"Colorado Springs, CO",Colorado,-10.16547665,-37.22224428,2.618316134,68687
27100,"Jackson, MI",Michigan,-2.781303329,-32.6568445,1.327473794,53658
11700,"Asheville, NC",North Carolina,-6.795077662,-34.81680218,1.237445003,52735
28780,"Kingsville, TX",Texas,-1.196492997,-32.15851928,0.813089058,43500
15260,"Brunswick-St. Simons, GA",Georgia,-2.37527688,-33.32538158,1.526586884,50671
45500,"Texarkana, TX-AR",Arkansas,-2.638236449,-32.42284198,0.61498552,47377
47260,"Virginia Beach-Chesapeake-Norfolk, VA-NC",North Carolina,-24.10398639,-38.37159421,0.001169021,66759
45140,"Tahlequah, OK",Oklahoma,-1.49885488,-32.39084532,0.295085819,42774
16220,"Casper, WY",Wyoming,-1.973797677,-34.11933583,2.635941185,62772
43380,"Sidney, OH",Ohio,-1.365913593,-32.68239327,1.925506718,63806
24420,"Grants Pass, OR",Oregon,-2.009122318,-34.02514816,2.665042866,45616
49380,"Worthington, MN",Minnesota,-1.02490756,-32.10276164,1.479358968,55304
35660,"Niles, MI",Michigan,-2.81637298,-32.717945,1.42909273,50795
45660,"Tiffin, OH",Ohio,-1.422370769,-31.77139747,1.145603783,52500
35940,"Norwalk, OH",Ohio,-1.455212074,-32.06653768,1.260362293,52560
25260,"Hanford-Corcoran, CA",California,-2.7400101,-34.23799254,2.10899886,57848
42660,"Seattle-Tacoma-Bellevue, WA",Washington,-51.97851868,-40.88332351,3.591543862,86856
41660,"San Angelo, TX",Texas,-2.412591604,-33.29866365,1.534066714,53883
20660,"Easton, MD",Maryland,-1.66478857,-36.43117086,5.436650913,73547
18500,"Corning, NY",New York,-1.991957256,-32.1513168,1.117205014,53663
31060,"Los Alamos, NM",New Mexico,-1.435556892,-37.0947952,6.559752296,121324
39150,"Prescott Valley-Prescott, AZ",Arizona,-3.914931923,-34.73897727,2.344342735,52451
24020,"Glens Falls, NY",New York,-2.507223742,-33.56605603,2.399423187,59395
34540,"Mount Vernon, OH",Ohio,-1.528097377,-32.60055093,1.758516422,57749
26220,"Hood River, OR",Oregon,-1.3998044,-35.94953273,4.943394426,65679
42420,"Scottsbluff, NE",Nebraska,-1.269571326,-32.28208312,1.411436814,49766
37580,"Paris, TX",Texas,-1.380158904,-32.0379741,0.84848695,45117
24260,"Grand Island, NE",Nebraska,-1.75823131,-32.73374285,1.582505569,57086
26980,"Iowa City, IA",Iowa,-3.270646905,-34.64188115,2.743178686,62544
33300,"Milledgeville, GA",Georgia,-1.450766551,-32.09460978,0.629965722,41584
18180,"Concord, NH",New Hampshire,-2.904144409,-35.10310205,3.799218773,75737
17500,"Clewiston, FL",Florida,-1.255224863,-31.97807956,0.399937368,40820
42380,"Sayre, PA",Pennsylvania,-1.558309632,-32.53842662,1.616178072,52358
22420,"Flint, MI",Michigan,-5.93612706,-32.45355334,0.156686647,48588
30280,"Lewisburg, TN",Tennessee,-1.15223064,-32.54581309,1.550525612,53197
48700,"Williamsport, PA",Pennsylvania,-2.269379878,-32.71256541,1.708886558,54241
30140,"Lebanon, PA",Pennsylvania,-2.578009094,-33.37672128,2.211297076,60281
48620,"Wichita, KS",Kansas,-8.896163134,-33.83136048,0.022829729,57379
41760,"Sandpoint, ID",Idaho,-1.447356713,-33.87916674,2.759441883,50256
19860,"Dickinson, ND",North Dakota,-1.444364767,-34.73621725,3.468138025,72123
40780,"Russellville, AR",Arkansas,-1.798365183,-32.11263099,0.600021774,43633
44180,"Springfield, MO",Missouri,-6.71153354,-33.3769788,0.248080003,48549
29900,"Laurinburg, NC",North Carolina,-1.154168401,-31.41549559,0.137165742,37238
40180,"Riverton, WY",Wyoming,-1.413210031,-33.35325182,1.995732335,55896
32260,"Marshalltown, IA",Iowa,-1.228924779,-31.92829485,1.337838242,56437
33340,"Milwaukee-Waukesha, WI",Wisconsin,-21.22618207,-34.2421491,0.405768197,62389
14420,"Borger, TX",Texas,-0.971212033,-31.71299354,0.943225147,52524
15060,"Brookings, OR",Oregon,-1.203563116,-33.96030893,3.145201513,48440
10660,"Albert Lea, MN",Minnesota,-1.131625552,-32.00419445,1.511864562,53631
43100,"Sheboygan, WI",Wisconsin,-2.254568989,-32.91342463,1.994351438,60696
49420,"Yakima, WA",Washington,-4.018515145,-33.86010295,0.555266103,51637
39820,"Redding, CA",California,-3.244164854,-34.71156381,2.711099527,54667
40760,"Ruidoso, NM",New Mexico,-1.074314966,-32.73514076,1.901887605,46216
23500,"Gaffney, SC",South Carolina,-1.412868239,-31.75175906,0.329384308,36883
18860,"Crescent City, CA",California,-1.217538683,-33.33337426,2.10836267,45283
43940,"Spearfish, SD",South Dakota,-1.204380398,-33.29160744,2.299741113,52641
36580,"Oneonta, NY",New York,-1.619690506,-32.69678714,1.934238628,54028
16500,"Centralia, WA",Washington,-1.856015685,-33.61561635,2.305523093,53484
26580,"Huntington-Ashland, WV-KY-OH",Kentucky,-5.261795894,-32.57588987,-0.096815132,45441
11180,"Ames, IA",Iowa,-2.593083512,-33.79008486,2.176706291,58600
18140,"Columbus, OH",Ohio,-27.2652966,-35.67882727,-1.497073816,65150
28260,"Kearney, NE",Nebraska,-1.582272864,-33.25043624,2.015152862,59493
36100,"Ocala, FL",Florida,-5.1880615,-33.47466059,0.385511825,45371
19740,"Denver-Aurora-Centennial, CO",Colorado,-37.77685902,-40.5642119,0.815975955,79664
47020,"Victoria, TX",Texas,-2.111387762,-33.36846717,1.718672633,57163
47580,"Warner Robins, GA",Georgia,-3.133376065,-33.56214785,1.492837119,58832
29420,"Lake Havasu City-Kingman, AZ",Arizona,-3.53410858,-33.43611998,0.795875918,45587
39500,"Quincy, IL-MO",Illinois,-1.733488018,-32.25173734,1.322200607,52132
32140,"Marshall, MN",Minnesota,-1.129624817,-32.56161002,1.704287093,57730
22540,"Fond du Lac, WI",Wisconsin,-2.139766121,-33.08659202,2.050654878,62391
23460,"Gadsden, AL",Alabama,-1.987604026,-31.84573928,0.624965061,44637
19300,"Daphne-Fairhope-Foley, AL",Alabama,-3.720975174,-34.66756716,2.186242032,58320
12180,"Auburn, NY",New York,-1.794211517,-32.5105264,1.739374803,58377
28100,"Kankakee, IL",Illinois,-2.229800617,-33.15053519,1.918498438,58902
13100,"Beatrice, NE",Nebraska,-1.005573577,-31.92236779,1.409777632,53110
42700,"Sebring, FL",Florida,-2.095645584,-32.47938523,0.828236487,40942
37220,"Pahrump, NV",Nevada,-1.370312421,-33.02010828,1.743931958,47300
20460,"Durant, OK",Oklahoma,-1.390149243,-32.31844394,0.74938698,44212
33180,"Middlesborough, KY",Kentucky,-0.945260887,-30.49935574,-0.558264004,26272
20300,"Dumas, TX",Texas,-0.990019454,-32.22826724,1.327611526,54871
47180,"Vincennes, IN",Indiana,-1.202200235,-31.61308849,0.870881612,47380
33660,"Mobile, AL",Alabama,-6.235821248,-33.06485516,0.025587071,47302
39380,"Pueblo, CO",Colorado,-2.930097823,-33.02722694,1.323669366,46783
37340,"Palm Bay-Melbourne-Titusville, FL",Florida,-8.326081565,-34.91769992,1.563066293,56775
46820,"Vermillion, SD",South Dakota,-1.070428922,-33.05400896,1.710794837,50724
22140,"Farmington, NM",New Mexico,-2.807083634,-34.10997628,-0.233639557,50518
44940,"Sumter, SC",South Carolina,-2.57976372,-32.45026761,0.377031359,44486
29660,"Laramie, WY",Wyoming,-1.473260287,-33.81421572,2.454394923,49322
23420,"Fresno, CA",California,-13.11530001,-36.16491568,-0.157020545,53969
44700,"Stockton-Lodi, CA",California,-10.0883218,-36.48895282,2.939842475,64432
48780,"Williston, ND",North Dakota,-1.599841505,-35.77532195,4.044948957,87161
15860,"CaÃ±on City, CO",Colorado,-1.374642145,-32.89987532,1.871640611,49409
29740,"Las Cruces, NM",New Mexico,-3.57349687,-32.96209254,0.236052703,40973
17140,"Cincinnati, OH-KY-IN",Indiana,-28.47782415,-35.26409312,-2.218106778,63987
20740,"Eau Claire, WI",Wisconsin,-3.033135752,-33.52042905,1.949188751,59584
24140,"Goldsboro, NC",North Carolina,-2.402420481,-32.57393023,0.625937359,44416
12740,"Barre, VT",Vermont,-1.712514021,-34.17024014,3.315178603,62791
33260,"Midland, TX",Texas,-3.267215281,-36.23509606,3.228353855,79140
47460,"Walla Walla, WA",Washington,-1.716831634,-34.06898356,2.849926838,57858
41500,"Salinas, CA",California,-6.73975154,-39.44420094,5.597005831,71015
41420,"Salem, OR",Oregon,-6.234716822,-35.14636623,1.979801201,60178
36840,"Ottawa, KS",Kansas,-1.085460345,-32.45833654,1.676826281,56582
33420,"Mineral Wells, TX",Texas,-1.151846197,-32.49387356,1.321635631,50154
37260,"Palatka, FL",Florida,-1.655309272,-31.8998409,0.28258901,37670
29300,"LaGrange, GA-AL",Alabama,-2.04908788,-32.21491795,0.825771071,44439
15540,"Burlington-South Burlington, VT",Vermont,-3.951062873,-35.98227519,4.204256589,71413
18300,"Coos Bay-North Bend, OR",Oregon,-1.669536498,-33.0939099,2.034663743,45051
26020,"Hobbs, NM",New Mexico,-1.702118499,-33.08165085,1.527788152,60546
10140,"Aberdeen, WA",Washington,-1.779908139,-32.97709107,1.76469216,51240
33380,"Minden, LA",Louisiana,-1.230384664,-31.50482267,0.11473278,28951
31930,"Marietta, OH",Ohio,-1.52696451,-32.2510191,1.297418985,50021
46780,"Van Wert, OH",Ohio,-1.077941107,-31.90125412,1.332165084,54254
29620,"Lansing-East Lansing, MI",Michigan,-7.888335069,-33.7339389,0.86707681,57925
15620,"Cadillac, MI",Michigan,-1.330874672,-32.10185668,0.990741149,47193
32100,"Marquette, MI",Michigan,-1.680772952,-32.68415568,1.686210563,53970
19260,"Danville, VA",Virginia,-2.095708495,-31.83378511,0.621386604,42175
11940,"Athens, TN",Tennessee,-1.406486247,-32.1659291,0.959874265,43285
30300,"Lewiston, ID-WA",Idaho,-1.663499818,-33.33067747,2.193443104,56430
22060,"Faribault-Northfield, MN",Minnesota,-1.758627241,-34.08891275,2.89247498,68584
24860,"Greenville-Anderson-Greer, SC",South Carolina,-12.15107292,-34.84412422,-1.014829417,54886
40900,"Sacramento-Roseville-Folsom, CA",California,-30.14129845,-39.0027636,1.921060187,72280
41620,"Salt Lake City-Murray, UT",Utah,-15.35847187,-37.38346914,1.656511341,74842
13940,"Blackfoot, ID",Idaho,-1.31256958,-32.4707818,1.331629646,55472
26900,"Indianapolis-Carmel-Greenwood, IN",Indiana,-26.40529601,-35.72589589,-2.42746039,61552
28940,"Knoxville, TN",Tennessee,-11.66705449,-34.55349338,-0.383687684,54636
40940,"Safford, AZ",Arizona,-1.227411203,-32.41465152,0.952088996,51353
22580,"Forest City, NC",North Carolina,-1.572718995,-31.80515628,0.628963245,42608
24780,"Greenville, NC",North Carolina,-3.234308612,-33.15061623,0.894582154,47437
23060,"Fort Wayne, IN",Indiana,-5.898828024,-33.12447446,0.63680357,55341
46300,"Twin Falls, ID",Idaho,-2.156873884,-33.14582307,1.444830341,52919
27940,"Juneau, AK",Alaska,-1.649071845,-37.1751539,5.959409342,88390
31500,"Madison, IN",Indiana,-1.172855135,-32.35047396,1.449420364,52718
34020,"Morgan City, LA",Louisiana,-1.415344954,-31.96958681,0.690555187,40485
25100,"Guymon, OK",Oklahoma,-0.98007599,-31.91315803,1.060642411,52282
24180,"Granbury, TX",Texas,-1.643629303,-34.28069948,2.838950152,64041
22220,"Fayetteville-Springdale-Rogers, AR",Arkansas,-7.313360186,-34.50530949,0.6673988,57603
31900,"Mansfield, OH",Ohio,-2.230122774,-31.81326147,0.926074155,49547
18100,"Columbus, NE",Nebraska,-1.223917824,-32.85636424,2.078994985,62305
44980,"Sunbury, PA",Pennsylvania,-1.895292511,-31.62600132,1.031050986,48671
10100,"Aberdeen, SD",South Dakota,-1.39912509,-32.94193762,1.961434433,59270
28860,"Kirksville, MO",Missouri,-1.13953955,-31.79296979,0.61841373,42042
35900,"North Wilkesboro, NC",North Carolina,-1.607551315,-32.03845204,0.747851154,44107
34820,"Myrtle Beach-Conway-North Myrtle Beach, SC",South Carolina,-7.245374083,-35.02433289,0.400629678,52660
42200,"Santa Maria-Santa Barbara, CA",California,-7.210367089,-40.2908349,7.005653183,74624
41260,"St. Marys, PA",Pennsylvania,-1.098540868,-31.67231024,1.284451702,53440
33580,"Mitchell, SD",South Dakota,-1.130107796,-32.63025074,1.827149808,51590
36020,"Oak Harbor, WA",Washington,-2.205961348,-36.60143147,5.157902654,68604
15700,"Cambridge, MD",Maryland,-1.29467462,-33.36124015,2.390364639,52917
42620,"Searcy, AR",Arkansas,-1.733864333,-32.23837244,0.679861393,44029
27380,"Jacksonville, TX",Texas,-1.369886044,-32.00155429,0.791773624,48186
45520,"The Dalles, OR",Oregon,-1.202012873,-33.37811833,2.571921614,53105
31860,"Mankato, MN",Minnesota,-2.241597025,-33.84287878,2.398108692,60827
16660,"Charleston-Mattoon, IL",Illinois,-1.578272058,-31.99511029,0.915837865,48142
28900,"Klamath Falls, OR",Oregon,-1.697387334,-32.86379262,1.512500032,46491
21820,"Fairbanks-College, AK",Alaska,-2.467434772,-36.3146563,4.150474433,76992
43900,"Spartanburg, SC",South Carolina,-4.637139408,-33.23183503,0.577034481,52332
12540,"Bakersfield-Delano, CA",California,-11.64990671,-36.31665607,-1.085302339,53350
45380,"Taylorville, IL",Illinois,-1.137122009,-31.7103567,1.159138115,52834
35580,"New Ulm, MN",Minnesota,-1.079922518,-32.31209709,1.854120877,61120
34420,"Mount Pleasant, TX",Texas,-1.280275992,-32.04471439,0.801846914,49600
29100,"La Crosse-Onalaska, WI-MN",Minnesota,-2.657741317,-33.55199951,2.152986939,58501
22820,"Fort Morgan, CO",Colorado,-1.195697518,-33.15045723,2.188931741,53682
31380,"Macomb, IL",Illinois,-1.149928091,-31.73029881,0.730902434,44471
21460,"Enterprise, AL",Alabama,-1.443327793,-32.81352585,1.617880287,55637
12020,"Athens-Clarke County, GA",Georgia,-3.597468284,-33.57093094,1.428211887,47214
29460,"Lakeland-Winter Haven, FL",Florida,-9.358299037,-34.45505858,-0.734064231,50584
22700,"Fort Dodge, IA",Iowa,-1.189047436,-31.54893338,0.968990685,47466
39300,"Providence-Warwick, RI-MA",Massachusetts,-21.98199357,-34.29030118,2.222833197,67818
38820,"Port Angeles, WA",Washington,-1.915939148,-34.26704718,3.002811948,52192
45980,"Troy, AL",Alabama,-1.218307548,-32.00881814,0.421015316,37446
30820,"Lock Haven, PA",Pennsylvania,-1.258752144,-32.28778369,1.446117922,50923
10980,"Alpena, MI",Michigan,-1.049588349,-31.45522517,0.855046769,43363
42680,"Sebastian-Vero Beach-West Vero Corridor, FL",Florida,-2.90511568,-34.37648295,2.660867372,54740
12220,"Auburn-Opelika, AL",Alabama,-2.977198065,-33.65523659,1.32673901,51463
35300,"New Haven, CT",Connecticut,-12.06424394,-34.79962405,3.258515096,69905
15740,"Cambridge, OH",Ohio,-1.232870306,-31.97033808,1.00083589,45917
28580,"Key West-Key Largo, FL",Florida,-2.530741954,-39.08511925,7.542116626,70033
26740,"Hutchinson, KS",Kansas,-1.538817799,-31.85722046,1.012605732,49936
47920,"Washington Court House, OH",Ohio,-1.088726712,-31.94449876,1.227993665,47308
18380,"Cordele, GA",Georgia,-1.018667509,-31.47815067,0.222381069,36042
45020,"Sweetwater, TX",Texas,-0.906175141,-31.51587344,0.71819277,45537
37300,"Palestine, TX",Texas,-1.397080831,-31.90310574,0.64293908,43455
34220,"Moultrie, GA",Georgia,-1.268910054,-31.52556368,0.068019692,36435
27460,"Jamestown-Dunkirk, NY",New York,-2.434665464,-31.64736809,0.685808703,46820
27980,"Kahului-Wailuku, HI",Hawaii,-3.672448128,-39.55173732,8.234666107,80948
41540,"Salisbury, MD",Maryland,-6.421848626,-35.28571771,1.901296647,60446
10580,"Albany-Schenectady-Troy, NY",New York,-12.52050473,-34.7561407,2.372993528,71285
31020,"Longview-Kelso, WA",Washington,-2.236746373,-33.76728989,2.435063647,54506
48140,"Wausau, WI",Wisconsin,-2.911532404,-33.2157311,1.793517989,61783
37100,"Oxnard-Thousand Oaks-Ventura, CA",California,-11.81059334,-41.50853182,7.047185274,88131
24980,"Grenada, MS",Mississippi,-0.983585528,-31.60250816,0.718630298,40122
16300,"Cedar Rapids, IA",Iowa,-4.264600078,-33.62855166,1.600878641,64687
47700,"Warsaw, IN",Indiana,-1.801408851,-33.05368187,1.846292666,61366
44140,"Springfield, MA",Massachusetts,-9.913748259,-34.08584583,2.105915367,59419
23620,"Gainesville, TX",Texas,-1.358251968,-33.40624636,2.24502402,60202
32860,"Menomonie, WI",Wisconsin,-1.405184138,-33.09655664,2.008279847,58783
45700,"Tifton, GA",Georgia,-1.246443911,-31.97244746,0.776298816,45639
46060,"Tucson, AZ",Arizona,-14.4492058,-35.73773941,-1.150692167,53379
22020,"Fargo, ND-MN",Minnesota,-4.229966369,-34.6929432,2.315565559,64666
26820,"Idaho Falls, ID",Idaho,-2.591087985,-33.6620055,1.854577896,61007
27300,"Jacksonville, IL",Illinois,-1.235954303,-31.92409576,1.234819159,52040
36660,"Opelousas, LA",Louisiana,-1.744082147,-31.54455874,0.139520617,36403
14660,"Brainerd, MN",Minnesota,-2.139928423,-33.6825766,2.105724801,55154
35840,"North Port-Bradenton-Sarasota, FL",Florida,-11.38609259,-36.44051904,1.720240669,60810
43620,"Sioux Falls, SD-MN",Minnesota,-4.245542393,-34.44150391,1.997092126,65621
19660,"Deltona-Daytona Beach-Ormond Beach, FL",Florida,-9.09602545,-34.6228687,0.935827387,50360
20940,"El Centro, CA",California,-2.934447934,-33.34102174,1.085342644,47622
43300,"Sherman-Denison, TX",Texas,-2.496641847,-33.21363312,1.553933445,54815
19060,"Cumberland, MD-WV",Maryland,-1.985330052,-31.87917187,1.058582125,47330
39740,"Reading, PA",Pennsylvania,-6.106343376,-34.02710059,1.835887041,63728
48300,"Wenatchee-East Wenatchee, WA",Washington,-2.503040573,-34.84602537,3.068093899,59757
22520,"Florence-Muscle Shoals, AL",Alabama,-2.609585531,-32.30176298,0.826656579,48084
35740,"Norfolk, NE",Nebraska,-1.396309045,-32.39721221,1.498193544,55793
40420,"Rockford, IL",Illinois,-5.051694578,-32.90168487,0.975398019,56027
45180,"Talladega-Sylacauga, AL",Alabama,-1.725229573,-31.67713092,0.287056685,41325
13420,"Bemidji, MN",Minnesota,-1.4957278,-33.114072,1.379540008,49160
43060,"Shawnee, OK",Oklahoma,-1.71316021,-32.40310408,0.720701322,49250
10780,"Alexandria, LA",Louisiana,-2.742088884,-32.72048556,0.815873491,46367
32180,"Marshall, MO",Missouri,-0.984348769,-31.51272491,0.741981946,44720
21120,"Elk City, OK",Oklahoma,-1.053662016,-32.26246623,1.181303255,50721
39900,"Reno, NV",Nevada,-7.136625593,-36.42308138,3.306236378,64801
12100,"Atlantic City-Hammonton, NJ",New Jersey,-4.443229494,-34.6682647,3.140074163,62110
38540,"Pocatello, ID",Idaho,-1.954780247,-32.66871088,1.269911389,51429
16260,"Cedar City, UT",Utah,-1.489655631,-33.498265,2.019489155,51807
25740,"Helena, MT",Montana,-1.960797722,-34.41234318,3.2449887,66419
13780,"Binghamton, NY",New York,-3.953872012,-32.56100803,1.208217533,54295
28300,"Keene, NH",New Hampshire,-1.916353241,-34.06758285,3.072441864,64751
47300,"Visalia, CA",California,-6.488296158,-34.80738453,0.258320686,49687
19580,"Defiance, OH",Ohio,-1.230918319,-32.39689768,1.686270545,59931
31420,"Macon-Bibb County, GA",Georgia,-3.731248189,-32.53248135,0.553669778,44332
46140,"Tulsa, OK",Oklahoma,-14.12220639,-36.42112459,-2.710006244,55739
17580,"Clovis, NM",New Mexico,-1.427384358,-32.51185687,1.140889036,45092
14580,"Bozeman, MT",Montana,-2.56470955,-36.41617736,4.529132381,66397
46980,"Vicksburg, MS",Mississippi,-1.366591708,-32.27039038,1.058327854,45113
12980,"Battle Creek, MI",Michigan,-2.466451821,-32.20687116,0.987401136,48607
30620,"Lima, OH",Ohio,-2.043594773,-32.09662905,1.128385163,53131
43780,"South Bend-Mishawaka, IN-MI",Indiana,-4.886270464,-32.83751088,0.891468337,53323
32020,"Marion, OH",Ohio,-1.541964279,-31.8255649,0.98937419,47498
26700,"Huron, SD",South Dakota,-0.994142325,-31.79021021,1.181126574,51662
13380,"Bellingham, WA",Washington,-3.982472675,-36.11368661,3.844555902,62984
18420,"Corinth, MS",Mississippi,-1.133319711,-31.47350603,0.540157376,42086
47080,"Vidalia, GA",Georgia,-1.162428231,-31.50720919,0.269685686,40513
45000,"Susanville, CA",California,-1.224693276,-33.40829216,2.350010156,56352
13220,"Beckley, WV",West Virginia,-2.212405638,-31.80186717,0.440291213,42817
41140,"St. Joseph, MO-KS",Kansas,-2.345851675,-32.309574,1.152197156,52810
40100,"Rio Grande City-Roma, TX",Texas,-1.361630778,-30.9992056,-0.667384967,30387
39940,"Rexburg, ID",Idaho,-1.54014653,-33.24628472,1.38470931,43630
44340,"Statesboro, GA",Georgia,-1.839586719,-32.80314062,1.001766621,45550
27220,"Jackson, WY-ID",Idaho,-1.841046989,-38.90000821,7.673163515,81427
39660,"Rapid City, SD",South Dakota,-2.750935146,-34.13887258,1.877916805,57615
27500,"Janesville-Beloit, WI",Wisconsin,-2.859720896,-33.05015145,1.747640076,57875
14260,"Boise City, ID",Idaho,-9.646054882,-35.98279138,0.966939528,60568
14860,"Bridgeport-Stamford-Danbury, CT",Connecticut,-13.39526363,-37.9966711,7.746129215,95645
36940,"Owatonna, MN",Minnesota,-1.306889953,-33.37819917,2.496909482,64903
20780,"Edwards, CO",Colorado,-2.187358134,-39.69452742,8.142448958,84790
26620,"Huntsville, AL",Alabama,-6.720760917,-34.4634182,1.327001216,64483
45580,"Thomaston, GA",Georgia,-1.008540756,-31.36371686,0.438563978,37640
43460,"Sikeston, MO",Missouri,-1.21273033,-31.81945443,0.798673191,44139
23940,"Gillette, WY",Wyoming,-1.769780614,-34.74933036,3.023574488,78833
26090,"Holland, MI",Michigan,-2.21766959,-33.43933442,1.990012191,62965
33020,"Mexico, MO",Missouri,-1.000334909,-31.43336286,0.689031303,44261
21180,"Elkins, WV",West Virginia,-1.084027129,-31.69700837,0.796834664,43320
48180,"Waycross, GA",Georgia,-1.366491657,-31.55869903,0.247454167,38469
11020,"Altoona, PA",Pennsylvania,-2.30961364,-32.16652739,1.212641311,49181
23780,"Garden City, KS",Kansas,-1.287272644,-32.67314503,1.567881088,59477
17980,"Columbus, GA-AL",Alabama,-5.019027029,-33.35593754,0.65866873,47571
46020,"Truckee-Grass Valley, CA",California,-2.488976536,-37.34871901,5.957000964,66096
43980,"Spencer, IA",Iowa,-0.954688111,-32.00644493,1.520878787,50521
40080,"Richmond-Berea, KY",Kentucky,-2.138861642,-32.55515368,0.991534304,47106
41860,"San Francisco-Oakland-Fremont, CA",California,-63.36651079,-38.5242486,18.14913846,106025
15220,"Brownwood, TX",Texas,-1.234399435,-32.13802103,1.066721433,48365
48060,"Watertown-Fort Drum, NY",New York,-2.388589027,-33.56613729,1.814339389,52685
44220,"Springfield, OH",Ohio,-2.468461476,-32.12644312,1.097473202,50873
41180,"St. Louis, MO-IL",Illinois,-36.55580848,-35.76536884,-3.539828398,63705
32900,"Merced, CA",California,-4.242460103,-34.69021366,1.959862656,53672
15580,"Butte-Silver Bow, MT",Montana,-1.236261489,-32.04960135,1.344306539,45718
14620,"Bradford, PA",Pennsylvania,-1.247846167,-31.3579468,0.84951206,48647
47220,"Vineland, NJ",New Jersey,-2.757843602,-33.71529692,2.043601405,54149
12700,"Barnstable Town, MA",Massachusetts,-4.108890294,-37.39984396,6.111686337,74336
33460,"Minneapolis-St. Paul-Bloomington, MN-WI",Minnesota,-45.68393768,-38.78495274,-1.622724431,80421
38620,"Ponca City, OK",Oklahoma,-1.3154921,-31.55628544,0.639490412,46809
42740,"Sedalia, MO",Missouri,-1.253401107,-31.94033822,1.032782813,46157
25720,"Heber, UT",Utah,-2.331624708,-39.3407702,7.788651055,94989
42540,"Scranton--Wilkes-Barre, PA",Pennsylvania,-7.978450855,-32.67088198,0.65311241,53491
10860,"Alice, TX",Texas,-1.333786719,-31.53213334,0.118604785,41461
25840,"Hermiston-Pendleton, OR",Oregon,-1.936070414,-32.96291169,1.462526715,54645
12780,"Bartlesville, OK",Oklahoma,-1.488817541,-32.59491429,1.382385653,54997
22780,"Fort Leonard Wood, MO",Missouri,-1.546435337,-33.60003552,1.929018823,53492
23820,"Gardnerville Ranchos, NV-CA",California,-1.726848291,-36.27628744,5.311792283,66810
46340,"Tyler, TX",Texas,-3.632125953,-33.80074041,1.493209021,56810
18700,"Corvallis, OR",Oregon,-2.314997158,-35.77601524,4.249760907,62077
45340,"Taos, NM",New Mexico,-1.320543654,-33.29469954,2.105786857,38329
35820,"North Platte, NE",Nebraska,-1.274621983,-32.72586331,1.893051428,59488
24700,"Greensburg, IN",Indiana,-1.09172527,-32.52613001,1.838365356,57949
20700,"East Stroudsburg, PA",Pennsylvania,-3.004832554,-34.17349303,2.669824751,63934
12260,"Augusta-Richmond County, GA-SC",Georgia,-8.439551292,-34.15554141,-0.27493953,53269
39540,"Racine-Mount Pleasant, WI",Wisconsin,-3.337235979,-33.49254464,2.170122501,61336
42100,"Santa Cruz-Watsonville, CA",California,-5.144582924,-41.37079899,9.518048996,82234
36620,"Ontario, OR-ID",Idaho,-1.430235037,-32.29651569,1.166167479,46936
42860,"Seneca, SC",South Carolina,-1.811705072,-33.03629899,1.504465721,49134
11140,"Americus, GA",Georgia,-1.181748028,-31.75613499,0.495344983,38156
25980,"Hinesville, GA",Georgia,-1.90075354,-33.58167424,1.566944441,50160
24340,"Grand Rapids-Wyoming-Kentwood, MI",Michigan,-13.92103964,-35.31192783,-0.320130698,63302
18740,"Coshocton, OH",Ohio,-1.12540746,-31.39985794,0.756696577,46606
49460,"Yankton, SD",South Dakota,-1.092552708,-32.57623152,1.802058502,58342
15340,"Bucyrus, OH",Ohio,-1.218253665,-31.33002825,0.753953775,44971
34300,"Mountain Home, ID",Idaho,-1.142346646,-32.92648744,1.627412779,46855
38920,"Port Lavaca, TX",Texas,-1.033463847,-32.46662654,1.572265493,58776
43140,"Shelby-Kings Mountain, NC",North Carolina,-1.965582734,-31.99456562,0.568642728,42247
33060,"Miami, OK",Oklahoma,-1.130637183,-31.49287726,0.315527519,39872
29860,"Laurel, MS",Mississippi,-1.769329475,-31.85438106,0.243641781,40585
30900,"Logansport, IN",Indiana,-1.152802101,-31.35621418,0.889928077,49415
45220,"Tallahassee, FL",Florida,-6.009400733,-34.20919287,1.238663256,51874
31820,"Manitowoc, WI",Wisconsin,-1.768717752,-32.25736944,1.586422709,56612
34380,"Mount Pleasant, MI",Michigan,-1.765907883,-32.68108563,0.931738591,45116
15940,"Canton-Massillon, OH",Ohio,-5.84835887,-32.66134033,0.749918555,53978
25220,"Hammond, LA",Louisiana,-2.503185121,-33.19714017,1.157485067,47832
25940,"Hilton Head Island-Bluffton-Port Royal, SC",South Carolina,-3.850414428,-36.14731494,3.737119119,64959
42020,"San Luis Obispo-Paso Robles, CA",California,-5.052464151,-39.31260943,6.993900784,73518
25500,"Harrisonburg, VA",Virginia,-2.639253751,-33.98754349,2.285332989,56500
34500,"Mount Vernon, IL",Illinois,-1.210119539,-31.97160213,0.989511801,49896
29780,"Las Vegas, NM",New Mexico,-1.145808667,-31.60298986,0.439271083,30666
20220,"Dubuque, IA",Iowa,-2.087174167,-33.28865453,2.197800545,63031
22660,"Fort Collins-Loveland, CO",Colorado,-5.612923375,-37.51975453,4.678741059,71881
46500,"Urbana, OH",Ohio,-1.207646138,-32.28543661,1.679708728,60112
22100,"Farmington, MO",Missouri,-1.549894185,-32.03694819,0.89313155,46466
17300,"Clarksville, TN-KY",Kentucky,-4.724987613,-34.14861744,1.020549068,53027
44260,"Starkville, MS",Mississippi,-1.615066118,-32.66734278,0.877894356,41109
32580,"McAllen-Edinburg-Mission, TX",Texas,-10.59955733,-33.38017713,-2.834983571,40014
24100,"Gloversville, NY",New York,-1.460116125,-32.11909674,1.437375134,50482
37980,"Philadelphia-Camden-Wilmington, PA-NJ-DE-MD",New Jersey,-77.94125105,-33.07662959,-1.557778658,72343
11580,"Arcadia, FL",Florida,-1.156729335,-31.80836062,0.409987706,35438
43500,"Silver City, NM",New Mexico,-1.128979175,-32.07815749,0.97728723,37843
18980,"Cullman, AL",Alabama,-1.751326759,-32.19126414,0.7668312,44918
43580,"Sioux City, IA-NE-SD",Iowa,-2.646330306,-32.81666091,1.438958534,59937
30980,"Longview, TX",Texas,-4.370467795,-33.33625635,0.442794941,51580
14820,"Brevard, NC",North Carolina,-1.269447821,-33.261936,2.404459184,50212
12940,"Baton Rouge, LA",Louisiana,-11.69363814,-34.97672684,-0.40143714,58912
48540,"Wheeling, WV-OH",Ohio,-2.511473189,-31.91533906,0.868741199,50390
36780,"Oshkosh-Neenah, WI",Wisconsin,-3.028148811,-33.1594756,1.772652679,58543
35420,"New Philadelphia-Dover, OH",Ohio,-1.912416084,-32.41376426,1.378739323,53243
45740,"Toccoa, GA",Georgia,-1.057073358,-32.03255987,0.991973637,47164
44660,"Stillwater, OK",Oklahoma,-2.014806179,-33.10970054,1.049176021,41603
18460,"Cornelia, GA",Georgia,-1.284206547,-32.51379821,1.369729163,50563
14500,"Boulder, CO",Colorado,-5.615860383,-39.32040964,7.311714855,83019
36900,"Ottumwa, IA",Iowa,-1.178608919,-31.59633117,0.95789119,46246
18060,"Columbus, MS",Mississippi,-1.558281477,-32.58998052,1.294575735,50441
17740,"Coldwater, MI",Michigan,-1.285160283,-32.12846606,1.287456606,51947
18660,"Cortland, NY",New York,-1.430353097,-32.40896533,1.693198574,56023
33860,"Montgomery, AL",Alabama,-5.680193239,-33.55888181,0.694298424,52649
40300,"Rochelle, IL",Illinois,-1.429394292,-32.74060526,2.006970149,60986
20340,"Duncan, OK",Oklahoma,-1.291110092,-31.93464942,0.870151466,47214
39860,"Red Wing, MN",Minnesota,-1.496935701,-33.98589658,3.070386348,66800
23900,"Gettysburg, PA",Pennsylvania,-2.161280163,-34.11244432,2.944794637,67253
36380,"Okeechobee, FL",Florida,-1.256126208,-32.24293393,0.814012235,41760
34860,"Nacogdoches, TX",Texas,-1.667823037,-32.5558866,0.846497075,44847
10740,"Albuquerque, NM",New Mexico,-12.83731873,-36.03853154,-1.136918385,54072
16860,"Chattanooga, TN-GA",Georgia,-7.863885877,-33.7588282,0.497164276,53126
32340,"Maryville, MO",Missouri,-1.037121185,-31.87811948,0.877319059,44232
31680,"Malvern, AR",Arkansas,-1.082293776,-31.54467735,0.563306812,43889
14540,"Bowling Green, KY",Kentucky,-3.050703303,-33.00551786,0.972092689,49700
16700,"Charleston-North Charleston, SC",South Carolina,-10.87937634,-36.38951241,1.399481937,63649
25540,"Hartford-West Hartford-East Hartford, CT",Connecticut,-16.47650306,-35.44807848,2.893052761,77769
33740,"Monroe, LA",Louisiana,-3.347760546,-32.36541066,0.202738677,40119
23240,"Fredericksburg, TX",Texas,-1.325742291,-34.82000889,3.734465002,59155
25700,"Hays, KS",Kansas,-1.229731177,-32.87139306,1.808826359,52883
25880,"Hillsdale, MI",Michigan,-1.308947338,-32.04184158,1.200714413,49622
34140,"Moscow, ID",Idaho,-1.416186894,-33.35361792,2.120104569,49158
41400,"Salem, OH",Ohio,-2.015658073,-31.81415825,0.885205814,48345
32000,"Marion, NC",North Carolina,-1.266217654,-31.89993767,0.810397636,43646
17060,"Chillicothe, OH",Ohio,-1.694522349,-32.24743609,1.153861692,51092
13020,"Bay City, MI",Michigan,-2.024599139,-31.87670334,0.967638229,48819
38460,"Plattsburgh, NY",New York,-1.839246423,-32.79757985,1.685990424,56365
48660,"Wichita Falls, TX",Texas,-2.759173125,-32.56498122,0.85552495,49779
18220,"Connersville, IN",Indiana,-0.975421555,-31.46843912,0.882767352,46175
26500,"Huntingdon, PA",Pennsylvania,-1.291261787,-32.00797557,1.302030931,51678
13540,"Bennington, VT",Vermont,-1.364600624,-33.58164419,2.8407315,56183
41780,"Sandusky, OH",Ohio,-1.780066645,-32.60417697,1.787061683,54226
37860,"Pensacola-Ferry Pass-Brent, FL",Florida,-7.145555156,-34.62169564,1.032788933,56007
24540,"Greeley, CO",Colorado,-4.768792075,-36.35046375,3.276602742,74150
38300,"Pittsburgh, PA",Pennsylvania,-31.24100621,-33.81977478,-1.758017542,60535
45860,"Torrington, CT",Connecticut,-3.37997401,-35.34061585,4.317991129,79906
43220,"Shelton, WA",Washington,-1.74552228,-34.3068428,2.860509421,57634
26380,"Houma-Bayou Cane-Thibodaux, LA",Louisiana,-3.497658621,-33.58085271,0.742240318,51837
28540,"Ketchikan, AK",Alaska,-1.284669507,-35.66893579,4.608866659,72728
43340,"Shreveport-Bossier City, LA",Louisiana,-6.040873607,-33.51690527,0.177841408,46407
15380,"Buffalo-Cheektowaga, NY",New York,-15.53073709,-32.93484532,0.334427135,57621
19620,"Del Rio, TX",Texas,-1.329740572,-31.95244683,0.684902981,46147
16060,"Carbondale, IL",Illinois,-2.585941875,-32.27224859,0.631229682,45052
23340,"Fremont, NE",Nebraska,-1.249341747,-32.3412705,1.614801647,54085
37120,"Ozark, AL",Alabama,-1.365004918,-32.15238536,0.924562309,47214
25580,"Hastings, NE",Nebraska,-1.189189626,-32.29144387,1.507013578,53023
10540,"Albany, OR",Oregon,-2.483065306,-34.1134962,2.516647491,55893
43760,"Sonora, CA",California,-1.730405638,-34.94969348,3.824476699,60108
38060,"Phoenix-Mesa-Chandler, AZ",Arizona,-60.72274565,-43.18224399,-10.49774122,63883
25420,"Harrisburg-Carlisle, PA",Pennsylvania,-8.258633916,-34.44721921,1.825497061,64916
21740,"Evanston, WY-UT",Utah,-1.041305943,-32.97442124,2.064933498,63403
39460,"Punta Gorda, FL",Florida,-3.251573513,-34.27117384,2.527689709,51499
27180,"Jackson, TN",Tennessee,-3.006565671,-32.46728756,0.714485808,46875
27140,"Jackson, MS",Mississippi,-8.315555789,-33.62875233,-0.151414398,52504
28820,"Kinston, NC",North Carolina,-1.472740837,-31.6682704,0.474720245,39402
37740,"Payson, AZ",Arizona,-1.555242765,-32.8047868,1.284166735,43524
19940,"Dixon, IL",Illinois,-1.19821061,-32.14981381,1.637147973,58194
33140,"Michigan City-La Porte, IN",Indiana,-2.160754537,-32.47595236,1.394983758,53658
31540,"Madison, WI",Wisconsin,-9.629637815,-35.79090924,3.019028306,72374
38100,"Picayune, MS",Mississippi,-1.439196175,-32.47736069,1.143752539,46901
13300,"Beeville, TX",Texas,-1.143380248,-32.09653131,0.872206958,44578
12900,"Batesville, AR",Arkansas,-1.363426544,-31.56932521,0.32241517,40436
10620,"Albemarle, NC",North Carolina,-1.523638516,-32.26271506,1.315099161,52623
44100,"Springfield, IL",Illinois,-3.517473288,-33.3431648,1.836471,62533
46460,"Union City, TN",Tennessee,-1.06790711,-31.38944921,0.529073939,39615
22840,"Fort Payne, AL",Alabama,-1.565769639,-31.62266137,0.214553821,40440
43740,"Somerset, PA",Pennsylvania,-1.638290475,-31.66330287,0.85940559,49089
21580,"EspaÃ±ola, NM",New Mexico,-1.302815884,-32.27525873,0.807582129,39952
29940,"Lawrence, KS",Kansas,-2.612388953,-34.2589586,2.511643106,59435
30860,"Logan, UT-ID",Idaho,-2.517045753,-33.88308087,2.082743482,58809
20260,"Duluth, MN-WI",Minnesota,-4.71502239,-33.41828851,1.285221038,56573
29200,"Lafayette-West Lafayette, IN",Indiana,-3.823595482,-33.33150969,1.301974556,53321
47900,"Washington-Arlington-Alexandria, DC-VA-MD-WV",Virginia,-80.7937933,-38.33015067,6.163560489,103751
16140,"Carroll, IA",Iowa,-1.034435537,-32.37695539,1.749486871,59212
17420,"Cleveland, TN",Tennessee,-2.341302724,-32.8197062,1.25395824,49921
48580,"Whitewater-Elkhorn, WI",Wisconsin,-2.261691165,-33.96883552,2.78257867,63776
29060,"Laconia, NH",New Hampshire,-1.781949443,-34.70998504,3.672771906,69447
35980,"Norwich-New London-Willimantic, CT",Connecticut,-4.525027874,-35.43784975,3.825436454,73490
35700,"Nogales, AZ",Arizona,-1.320704312,-32.28242085,0.980210218,41259
42220,"Santa Rosa-Petaluma, CA",California,-7.884638799,-40.39829685,7.752303965,81018
31300,"Lumberton, NC",North Carolina,-2.800140315,-32.58515896,-1.792188722,34976
30340,"Lewiston-Auburn, ME",Maine,-2.252716355,-32.88205722,1.833636128,53509
28620,"Kill Devil Hills, NC",North Carolina,-1.567920625,-35.25923922,4.038209625,59381
38700,"Pontiac, IL",Illinois,-1.200600938,-32.03642222,1.42327274,55160
46220,"Tuscaloosa, AL",Alabama,-3.995962058,-33.31731005,0.773656452,50408
21300,"Elmira, NY",New York,-1.875674892,-32.35516824,1.57366669,54940
45900,"Traverse City, MI",Michigan,-2.833467457,-34.34592298,2.590531671,61019
10500,"Albany, GA",Georgia,-2.689425681,-32.1691019,0.542678132,44844
17340,"Clearlake, CA",California,-1.763435928,-33.82004885,2.302163645,47040
32300,"Martinsville, VA",Virginia,-1.511163582,-31.3098478,0.340569467,37309
29020,"Kokomo, IN",Indiana,-1.790851068,-32.10373999,1.208984717,52373
31580,"Madisonville, KY",Kentucky,-1.286780304,-31.81695762,0.858134054,47170
49780,"Zanesville, OH",Ohio,-1.825040513,-32.02937781,0.929793767,47254
33620,"Moberly, MO",Missouri,-0.987290233,-31.58956595,0.794606464,47740
20900,"El Campo, TX",Texas,-1.302411825,-32.35057274,1.215761928,48310
17540,"Clinton, IA",Iowa,-1.346529281,-31.99741498,1.350164447,51688
48980,"Wilson, NC",North Carolina,-1.808245526,-32.17690241,0.889167645,43877
21640,"Eufaula, AL-GA",Alabama,-1.018753001,-31.02055689,-0.062845975,32327
27860,"Jonesboro, AR",Arkansas,-2.462727114,-32.59859637,0.768392484,46068
28660,"Killeen-Temple, TX",Texas,-6.61894942,-34.5136385,0.541260747,54798
31080,"Los Angeles-Long Beach-Anaheim, CA",California,-169.0077015,-39.39448511,-1.123821627,72998
40540,"Rock Springs, WY",Wyoming,-1.476817517,-34.10683772,2.832707924,74843
25460,"Harrison, AR",Arkansas,-1.271026274,-31.84730046,0.860610315,44562
24900,"Greenwood, MS",Mississippi,-1.17754645,-31.007382,-0.278265276,30218
16020,"Cape Girardeau, MO-IL",Illinois,-2.039931709,-32.72793932,1.398369736,51429
34580,"Mount Vernon-Anacortes, WA",Washington,-2.629723655,-35.69214244,4.02068533,67028
44580,"Sterling, IL",Illinois,-1.456425332,-32.06595744,1.357066205,54232
39420,"Pullman, WA",Washington,-1.611076568,-33.37584617,1.855115885,42745
42940,"Sevierville, TN",Tennessee,-2.074690319,-33.15171239,1.589058848,49610
38860,"Portland-South Portland, ME",Maine,-7.948788868,-35.71908548,3.144652889,70266
37540,"Paris, TN",Tennessee,-1.118637558,-31.72613525,0.688085709,40502
12660,"Baraboo, WI",Wisconsin,-1.697280883,-33.50497918,2.368828109,59943
39060,"Pottsville, PA",Pennsylvania,-2.529114518,-31.74223016,1.033012366,52280
24820,"Greenville, OH",Ohio,-1.363092665,-31.95241422,1.372269988,55620
14780,"Brenham, TX",Texas,-1.357269239,-33.73006424,2.417455565,54971
22180,"Fayetteville, NC",North Carolina,-7.785131379,-34.73418159,-0.347556006,48459
19980,"Dodge City, KS",Kansas,-1.170484505,-32.13782071,1.162530585,51711
24220,"Grand Forks, ND-MN",Minnesota,-2.318960518,-33.66843502,2.0526735,55609
44060,"Spokane-Spokane Valley, WA",Washington,-8.030047229,-34.94613747,1.249749895,56410
47820,"Washington, NC",North Carolina,-1.393729611,-32.33167719,1.126663033,45212
47240,"Vineyard Haven, MA",Massachusetts,-1.734909161,-39.97988931,8.990513451,71811
42820,"Selma, AL",Alabama,-1.186275738,-31.14014875,0.069877663,33845
10900,"Allentown-Bethlehem-Easton, PA-NJ",New Jersey,-11.45475943,-34.96868788,2.038669159,67652
38420,"Platteville, WI",Wisconsin,-1.442469068,-32.45200893,1.50342795,54800
12580,"Baltimore-Columbia-Towson, MD",Maryland,-37.0643451,-36.58280592,2.010638978,81598
21140,"Elkhart-Goshen, IN",Indiana,-3.257143415,-33.07543844,1.26377078,57021
30660,"Lincoln, IL",Illinois,-1.086673944,-31.83733878,1.346699522,57308
36340,"Oil City, PA",Pennsylvania,-1.350969409,-31.46431854,0.918339959,49945
19460,"Decatur, AL",Alabama,-2.624328865,-32.40563314,0.65489488,50422
44540,"Sterling, CO",Colorado,-1.102170867,-32.69548598,1.934281987,53318
40580,"Rocky Mount, NC",North Carolina,-2.684715387,-32.30323339,0.444770328,44559
11620,"Ardmore, OK",Oklahoma,-1.520959949,-32.39640372,1.0113733,51195
11420,"Angola, IN",Indiana,-1.238909792,-32.83994306,1.998266765,58279
30580,"Liberal, KS",Kansas,-1.008241999,-31.95523768,1.005047459,49291
46540,"Utica-Rome, NY",New York,-4.53880553,-32.45346897,1.079575718,55757
16460,"Centralia, IL",Illinois,-1.163506504,-31.52514256,0.65294664,47519
10760,"Alexander City, AL",Alabama,-1.381726379,-31.83842631,0.679506398,43941
11260,"Anchorage, AK",Alaska,-6.409560948,-37.78762923,3.70290163,83048
16620,"Charleston, WV",West Virginia,-4.100021946,-32.26920658,0.245678225,45225
20540,"Dyersburg, TN",Tennessee,-1.216767,-31.86661235,0.823619414,44185
38220,"Pine Bluff, AR",Arkansas,-1.854882414,-31.61302231,0.281772327,41798
11660,"Arkadelphia, AR",Arkansas,-1.001653652,-31.64502595,0.581034392,41620
44620,"Stevens Point-Plover, WI",Wisconsin,-1.781809568,-33.30052741,2.128304843,58853
15660,"Calhoun, GA",Georgia,-1.452593915,-32.40937882,1.054395189,45865
46520,"Urban Honolulu, HI",Hawaii,-14.69666975,-41.42320324,10.38469777,85857
34060,"Morgantown, WV",West Virginia,-2.674002281,-33.44387583,1.634972458,52332
31220,"Ludington, MI",Michigan,-1.166034748,-32.54465105,1.694996538,51725
38260,"Pittsburg, KS",Kansas,-1.250884256,-31.81557862,0.656973781,41004
26340,"Houghton, MI",Michigan,-1.23935692,-31.68885397,0.835383692,44198
19760,"DeRidder, LA",Louisiana,-1.210394445,-32.48487473,1.206275604,53209
14140,"Bluefield, WV-VA",Virginia,-2.058130365,-31.6552978,0.29734775,41715
37060,"Oxford, MS",Mississippi,-1.667008413,-34.0408587,2.133268584,50272
24500,"Great Falls, MT",Montana,-1.950211171,-33.21961885,1.843971211,49913
26660,"Huntsville, TX",Texas,-1.753015351,-32.94139342,1.231191688,43742
20180,"DuBois, PA",Pennsylvania,-1.719788167,-31.72613312,0.816727606,49015
26460,"Hudson, NY",New York,-1.772674075,-34.32270498,3.551136712,66787
41060,"St. Cloud, MN",Minnesota,-3.42979893,-33.9014579,2.056721852,61985
38380,"Plainview, TX",Texas,-1.09868848,-31.30249554,0.539920536,48384